Snapshot Date,Warehouse,Seller SKU,WB SKU (NmID),Size,ChrtID,Quantity
2026-07-23,Актобе,ALEXALACIVERT,203803475,46-48,328154136,1
2026-07-23,Актобе,ALEXASAKSMAVI,233025615,46-48,367459047,1
2026-07-23,Актобе,ALEXASIYAH01,150065294,46-48,259276808,1
2026-07-23,Актобе,ARINALACIVERT,233020824,58-60,367452725,1
2026-07-23,Актобе,ARINAMOR,233020825,58-60,367452729,1
2026-07-23,Актобе,SONNALACIVERT,172997228,46-48,286972963,1
2026-07-23,Актобе,SONNAMOR,172997224,46-48,286972951,1
2026-07-23,Актобе,SONNASIYAH,150171052,46-48,259276469,1
2026-07-23,Актобе,ZARALACIVERT01,150060261,50-52,251681598,1
2026-07-23,Актобе,ZARASAMPANYA,233025595,50-52,367458947,1
2026-07-23,Актобе,ZARASIYAH01,150060262,58-60,251681603,1
2026-07-23,Астана Карагандинское шоссе,ESMASAKSMAVI,233025603,46-48,367458990,1
2026-07-23,Астана Карагандинское шоссе,SONNASIYAH,150171052,46-48,259276469,1
2026-07-23,Атакент,ARISIYAH01,155298180,50-52,259285054,1
2026-07-23,Атакент,ARISIYAH01,155298180,58-60,259285056,1
2026-07-23,Атакент,ESMALACIVERT,233025599,46-48,367458962,1
2026-07-23,Атакент,SONNAMOR,172997224,46-48,286972951,1
2026-07-23,Атакент,SONNAMOR,172997224,58-60,286972954,1
2026-07-23,Вёшки,ALEXALACIVERT,203803475,58-60,328154150,0
2026-07-23,Вёшки,LILYYESIL01,197648828,46-48,320433826,0
2026-07-23,Владивосток WB,ALEXABORDO,172994281,46-48,286969938,1
2026-07-23,Владимир WB,ALEXABORDO,172994281,46-48,286969938,1
2026-07-23,Владимир WB,ALEXASIYAH01,150065294,46-48,259276808,2
2026-07-23,Владимир WB,ALEXAYESIL,233025616,54-56,367459053,1
2026-07-23,Владимир WB,ALEXAYESIL,233025616,58-60,367459054,0
2026-07-23,Владимир WB,ARINABORDO,233020826,50-52,367452731,2
2026-07-23,Владимир WB,ARINALACIVERT,233020824,46-48,367452722,1
2026-07-23,Владимир WB,ARINALACIVERT,233020824,58-60,367452725,0
2026-07-23,Владимир WB,ARINAMOR,233020825,46-48,367452726,1
2026-07-23,Владимир WB,ARINAMOR,233020825,50-52,367452727,2
2026-07-23,Владимир WB,ARISIYAH01,155298180,46-48,259285053,1
2026-07-23,Владимир WB,ESMALACIVERT,233025599,46-48,367458962,1
2026-07-23,Владимир WB,LILYSIYAH01,150064437,58-60,251686994,0
2026-07-23,Владимир WB,SONNABORDO,172997223,58-60,286972950,0
2026-07-23,Владимир WB,SONNAMOR,172997224,58-60,286972954,1
2026-07-23,Владимир WB,SONNASAKSMAVI,233025589,50-52,367458923,3
2026-07-23,Владимир WB,SONNASAKSMAVI,233025589,54-56,367458924,2
2026-07-23,Владимир WB,SONNASAKSMAVI,233025589,58-60,367458925,1
2026-07-23,Владимир WB,SONNAYESIL,233025590,54-56,367458928,1
2026-07-23,Владимир WB,SONNAYESIL,233025590,58-60,367458929,2
2026-07-23,Владимир WB,ZARALACIVERT01,150060261,58-60,251681600,1
2026-07-23,Владимир WB,ZARASAKSMAVI,233025591,50-52,367458931,1
2026-07-23,Владимир WB,ZARASAKSMAVI,233025591,54-56,367458932,1
2026-07-23,Владимир WB,ZARASAMPANYA,233025595,46-48,367458946,0
2026-07-23,Владимир WB,ZARASAMPANYA,233025595,54-56,367458948,1
2026-07-23,Владимир WB,ZARASAMPANYA,233025595,58-60,367458949,1
2026-07-23,Владимир WB,ZARASIYAH01,150060262,54-56,251681602,2
2026-07-23,Владимир WB,ZARASIYAH01,150060262,58-60,251681603,1
2026-07-23,Владимир WB,ZARAYESIL,233025592,46-48,367458934,1
2026-07-23,Внуково,ZARALACIVERT01,150060261,58-60,251681600,0
2026-07-23,Волгоград,ALEXABORDO,172994281,46-48,286969938,1
2026-07-23,Волгоград,ALEXALACIVERT,203803475,46-48,328154136,1
2026-07-23,Волгоград,ALEXASAKSMAVI,233025615,46-48,367459047,1
2026-07-23,Волгоград,ALEXASAKSMAVI,233025615,50-52,367459048,1
2026-07-23,Волгоград,ALEXASIYAH01,150065294,46-48,259276808,0
2026-07-23,Волгоград,ALEXASIYAH01,150065294,54-56,251688652,0
2026-07-23,Волгоград,ARINABORDO,233020826,50-52,367452731,0
2026-07-23,Волгоград,ARINALACIVERT,233020824,54-56,367452724,1
2026-07-23,Волгоград,ARINAMOR,233020825,46-48,367452726,1
2026-07-23,Волгоград,LILYSIYAH01,150064437,46-48,259275927,1
2026-07-23,Волгоград,LILYSIYAH01,150064437,58-60,251686994,0
2026-07-23,Волгоград,SONNAMOR,172997224,58-60,286972954,1
2026-07-23,Волгоград,SONNASAKSMAVI,233025589,58-60,367458925,1
2026-07-23,Волгоград,SONNASIYAH,150171052,50-52,251830069,0
2026-07-23,Волгоград,SONNASIYAH,150171052,54-56,251830071,1
2026-07-23,Волгоград,ZARABORDO,233025593,50-52,367458939,1
2026-07-23,Волгоград,ZARALACIVERT01,150060261,50-52,251681598,1
2026-07-23,Волгоград,ZARALACIVERT01,150060261,58-60,251681600,1
2026-07-23,Волгоград,ZARAMOR,233025594,50-52,367458943,1
2026-07-23,Волгоград,ZARAMOR,233025594,58-60,367458945,0
2026-07-23,Волгоград,ZARASAKSMAVI,233025591,54-56,367458932,1
2026-07-23,Волгоград,ZARASIYAH01,150060262,58-60,251681603,1
2026-07-23,Волгоград,ZARAYESIL,233025592,50-52,367458935,1
2026-07-23,Воронеж WB,ALEXABORDO,172994281,46-48,286969938,0
2026-07-23,Воронеж WB,ALEXALACIVERT,203803475,50-52,328154140,1
2026-07-23,Воронеж WB,ALEXASAKSMAVI,233025615,46-48,367459047,2
2026-07-23,Воронеж WB,ALEXASAKSMAVI,233025615,58-60,367459050,0
2026-07-23,Воронеж WB,ALEXASIYAH01,150065294,54-56,251688652,0
2026-07-23,Воронеж WB,ALEXAYESIL,233025616,50-52,367459052,0
2026-07-23,Воронеж WB,ARINALACIVERT,233020824,58-60,367452725,0
2026-07-23,Воронеж WB,ARINAMOR,233020825,50-52,367452727,1
2026-07-23,Воронеж WB,ARISIYAH01,155298180,50-52,259285054,0
2026-07-23,Воронеж WB,LILYBORDO01,150064438,58-60,251686997,0
2026-07-23,Воронеж WB,LILYSIYAH01,150064437,46-48,259275927,0
2026-07-23,Воронеж WB,SONNABORDO,172997223,46-48,286972947,1
2026-07-23,Воронеж WB,SONNABORDO,172997223,50-52,286972948,0
2026-07-23,Воронеж WB,SONNALACIVERT,172997228,46-48,286972963,1
2026-07-23,Воронеж WB,SONNALACIVERT,172997228,50-52,286972964,0
2026-07-23,Воронеж WB,SONNAMOR,172997224,46-48,286972951,1
2026-07-23,Воронеж WB,SONNASIYAH,150171052,54-56,251830071,1
2026-07-23,Воронеж WB,SONNAYESIL,233025590,50-52,367458927,1
2026-07-23,Воронеж WB,SONNAYESIL,233025590,54-56,367458928,1
2026-07-23,Воронеж WB,ZARABORDO,233025593,50-52,367458939,1
2026-07-23,Воронеж WB,ZARABORDO,233025593,54-56,367458940,0
2026-07-23,Воронеж WB,ZARALACIVERT01,150060261,46-48,268856082,1
2026-07-23,Воронеж WB,ZARALACIVERT01,150060261,50-52,251681598,1
2026-07-23,Воронеж WB,ZARALACIVERT01,150060261,54-56,251681599,3
2026-07-23,Воронеж WB,ZARALACIVERT01,150060261,58-60,251681600,1
2026-07-23,Воронеж WB,ZARAMOR,233025594,46-48,367458942,1
2026-07-23,Воронеж WB,ZARAMOR,233025594,50-52,367458943,1
2026-07-23,Воронеж WB,ZARAMOR,233025594,54-56,367458944,1
2026-07-23,Воронеж WB,ZARASAKSMAVI,233025591,46-48,367458930,1
2026-07-23,Воронеж WB,ZARASAKSMAVI,233025591,54-56,367458932,2
2026-07-23,Воронеж WB,ZARASAMPANYA,233025595,46-48,367458946,0
2026-07-23,Воронеж WB,ZARASAMPANYA,233025595,50-52,367458947,1
2026-07-23,Воронеж WB,ZARASAMPANYA,233025595,54-56,367458948,0
2026-07-23,Воронеж WB,ZARASIYAH01,150060262,46-48,259276560,0
2026-07-23,Воронеж WB,ZARASIYAH01,150060262,50-52,251681601,0
2026-07-23,Воронеж WB,ZARASIYAH01,150060262,54-56,251681602,1
2026-07-23,Гомель 2,ARINALACIVERT,233020824,58-60,367452725,0
2026-07-23,Екатеринбург - Испытателей 14г,ZINASIYAH01,150170232,50-52,251828721,0
2026-07-23,Екатеринбург - Перспективная 14,ALEXABORDO,172994281,46-48,286969938,1
2026-07-23,Екатеринбург - Перспективная 14,ALEXALACIVERT,203803475,46-48,328154136,1
2026-07-23,Екатеринбург - Перспективная 14,ALEXAMOR,172996093,50-52,286971015,0
2026-07-23,Екатеринбург - Перспективная 14,ALEXASAKSMAVI,233025615,46-48,367459047,1
2026-07-23,Екатеринбург - Перспективная 14,ALEXASAKSMAVI,233025615,50-52,367459048,2
2026-07-23,Екатеринбург - Перспективная 14,ALEXASIYAH01,150065294,46-48,259276808,0
2026-07-23,Екатеринбург - Перспективная 14,ALEXASIYAH01,150065294,54-56,251688652,0
2026-07-23,Екатеринбург - Перспективная 14,ALEXAYESIL,233025616,58-60,367459054,1
2026-07-23,Екатеринбург - Перспективная 14,ARINABORDO,233020826,50-52,367452731,2
2026-07-23,Екатеринбург - Перспективная 14,ARINABORDO,233020826,54-56,367452732,1
2026-07-23,Екатеринбург - Перспективная 14,ARINALACIVERT,233020824,46-48,367452722,1
2026-07-23,Екатеринбург - Перспективная 14,ARINAMOR,233020825,46-48,367452726,1
2026-07-23,Екатеринбург - Перспективная 14,ARINAMOR,233020825,58-60,367452729,1
2026-07-23,Екатеринбург - Перспективная 14,ARINASIYAH01,155297552,46-48,259284252,0
2026-07-23,Екатеринбург - Перспективная 14,ARINASIYAH01,155297552,50-52,259284253,1
2026-07-23,Екатеринбург - Перспективная 14,ARINASIYAH01,155297552,54-56,259284254,0
2026-07-23,Екатеринбург - Перспективная 14,ARISIYAH01,155298180,46-48,259285053,1
2026-07-23,Екатеринбург - Перспективная 14,ARISIYAH01,155298180,54-56,259285055,1
2026-07-23,Екатеринбург - Перспективная 14,GV005,189523274,STD,310207498,1
2026-07-23,Екатеринбург - Перспективная 14,LILYSIYAH01,150064437,46-48,259275927,2
2026-07-23,Екатеринбург - Перспективная 14,LILYYESIL01,197648828,46-48,320433826,0
2026-07-23,Екатеринбург - Перспективная 14,SONNABORDO,172997223,50-52,286972948,1
2026-07-23,Екатеринбург - Перспективная 14,SONNABORDO,172997223,58-60,286972950,1
2026-07-23,Екатеринбург - Перспективная 14,SONNALACIVERT,172997228,54-56,286972965,1
2026-07-23,Екатеринбург - Перспективная 14,SONNAMOR,172997224,46-48,286972951,2
2026-07-23,Екатеринбург - Перспективная 14,SONNAMOR,172997224,54-56,286972953,1
2026-07-23,Екатеринбург - Перспективная 14,SONNAMOR,172997224,58-60,286972954,1
2026-07-23,Екатеринбург - Перспективная 14,SONNASAKSMAVI,233025589,50-52,367458923,1
2026-07-23,Екатеринбург - Перспективная 14,SONNASIYAH,150171052,46-48,259276469,1
2026-07-23,Екатеринбург - Перспективная 14,SONNASIYAH,150171052,50-52,251830069,1
2026-07-23,Екатеринбург - Перспективная 14,SONNASIYAH,150171052,54-56,251830071,1
2026-07-23,Екатеринбург - Перспективная 14,SONNASIYAH,150171052,58-60,251830072,0
2026-07-23,Екатеринбург - Перспективная 14,SONNAYESIL,233025590,54-56,367458928,1
2026-07-23,Екатеринбург - Перспективная 14,ZARABORDO,233025593,58-60,367458941,2
2026-07-23,Екатеринбург - Перспективная 14,ZARALACIVERT01,150060261,46-48,268856082,2
2026-07-23,Екатеринбург - Перспективная 14,ZARALACIVERT01,150060261,50-52,251681598,1
2026-07-23,Екатеринбург - Перспективная 14,ZARAMOR,233025594,50-52,367458943,1
2026-07-23,Екатеринбург - Перспективная 14,ZARAMOR,233025594,54-56,367458944,1
2026-07-23,Екатеринбург - Перспективная 14,ZARAMOR,233025594,58-60,367458945,1
2026-07-23,Екатеринбург - Перспективная 14,ZARASAKSMAVI,233025591,46-48,367458930,0
2026-07-23,Екатеринбург - Перспективная 14,ZARASAKSMAVI,233025591,54-56,367458932,1
2026-07-23,Екатеринбург - Перспективная 14,ZARASAMPANYA,233025595,46-48,367458946,1
2026-07-23,Екатеринбург - Перспективная 14,ZARASAMPANYA,233025595,50-52,367458947,1
2026-07-23,Екатеринбург - Перспективная 14,ZARASAMPANYA,233025595,58-60,367458949,3
2026-07-23,Екатеринбург - Перспективная 14,ZARASIYAH01,150060262,46-48,259276560,1
2026-07-23,Екатеринбург - Перспективная 14,ZARASIYAH01,150060262,50-52,251681601,1
2026-07-23,Екатеринбург - Перспективная 14,ZARAYESIL,233025592,50-52,367458935,1
2026-07-23,Истра WB,SONNASIYAH,150171052,54-56,251830071,0
2026-07-23,Истра WB,ZARASIYAH01,150060262,54-56,251681602,0
2026-07-23,Казань,ARINABORDO,233020826,46-48,367452730,1
2026-07-23,Казань,ARISIYAH01,155298180,54-56,259285055,3
2026-07-23,Казань,ESMABORDO,233025601,34-36,367458973,1
2026-07-23,Казань,ESMABORDO,233025601,38-40,367458974,1
2026-07-23,Казань,ESMALACIVERT,233025599,34-36,367458959,3
2026-07-23,Казань,ESMALACIVERT,233025599,38-40,367458960,1
2026-07-23,Казань,ESMAMOR,233025600,34-36,367458966,1
2026-07-23,Казань,ESMAMOR,233025600,38-40,367458967,3
2026-07-23,Казань,ESMAMOR,233025600,42-44,367458968,2
2026-07-23,Казань,ESMASAKSMAVI,233025603,34-36,367458987,3
2026-07-23,Казань,ESMASAKSMAVI,233025603,38-40,367458988,3
2026-07-23,Казань,ESMASAKSMAVI,233025603,42-44,367458989,1
2026-07-23,Казань,ESMASIYAH,233025598,34-36,367458952,3
2026-07-23,Казань,ESMASIYAH,233025598,38-40,367458953,1
2026-07-23,Казань,ESMAYESIL,233025602,34-36,367458980,3
2026-07-23,Казань,INT 22 1204,152577015,0-3м,255330912,4
2026-07-23,Казань,INT 22 1204,152577015,3-6м,255330913,2
2026-07-23,Казань,KARMENSIYAH01,150658618,50-52,252548970,0
2026-07-23,Казань,LILYSIYAH01,150064437,46-48,259275927,0
2026-07-23,Казань,LILYVISNE01,197650450,54-56,320436773,0
2026-07-23,Казань,LILYYESIL01,197648828,46-48,320433826,0
2026-07-23,Казань,SONNABORDO,172997223,46-48,286972947,1
2026-07-23,Казань,SONNAMOR,172997224,46-48,286972951,3
2026-07-23,Казань,SONNAMOR,172997224,58-60,286972954,3
2026-07-23,Казань,SONNASIYAH,150171052,54-56,251830071,1
2026-07-23,Казань,SONNAYESIL,233025590,46-48,367458926,1
2026-07-23,Казань,SONNAYESIL,233025590,54-56,367458928,1
2026-07-23,Казань,ZARALACIVERT01,150060261,50-52,251681598,1
2026-07-23,Казань,ZARAMOR,233025594,54-56,367458944,1
2026-07-23,Казань,ZARAMOR,233025594,58-60,367458945,1
2026-07-23,Казань,ZARASAKSMAVI,233025591,50-52,367458931,1
2026-07-23,Казань,ZARASAMPANYA,233025595,50-52,367458947,0
2026-07-23,Казань,ZARASAMPANYA,233025595,54-56,367458948,0
2026-07-23,Казань,ZARASIYAH01,150060262,54-56,251681602,1
2026-07-23,Казань,ZARASIYAH01,150060262,58-60,251681603,1
2026-07-23,Калининград,ALEXASAKSMAVI,233025615,54-56,367459049,1
2026-07-23,Калининград,ALEXASIYAH01,150065294,50-52,251688651,1
2026-07-23,Калининград,ALEXAYESIL,233025616,50-52,367459052,2
2026-07-23,Коледино,ALEXABORDO,172994281,46-48,286969938,2
2026-07-23,Коледино,ALEXALACIVERT,203803475,46-48,328154136,10
2026-07-23,Коледино,ALEXAMOR,172996093,50-52,286971015,0
2026-07-23,Коледино,ALEXASAKSMAVI,233025615,46-48,367459047,1
2026-07-23,Коледино,ALEXASAKSMAVI,233025615,54-56,367459049,0
2026-07-23,Коледино,ALEXASAKSMAVI,233025615,58-60,367459050,0
2026-07-23,Коледино,ALEXASIYAH01,150065294,46-48,259276808,23
2026-07-23,Коледино,ALEXASIYAH01,150065294,50-52,251688651,0
2026-07-23,Коледино,ALEXAYESIL,233025616,54-56,367459053,3
2026-07-23,Коледино,ARINABORDO,233020826,46-48,367452730,8
2026-07-23,Коледино,ARINABORDO,233020826,54-56,367452732,1
2026-07-23,Коледино,ARINALACIVERT,233020824,46-48,367452722,19
2026-07-23,Коледино,ARINALACIVERT,233020824,50-52,367452723,19
2026-07-23,Коледино,ARINALACIVERT,233020824,54-56,367452724,1
2026-07-23,Коледино,ARINAMOR,233020825,46-48,367452726,9
2026-07-23,Коледино,ARINAMOR,233020825,50-52,367452727,4
2026-07-23,Коледино,ARINASIYAH01,155297552,54-56,259284254,1
2026-07-23,Коледино,ARISIYAH01,155298180,50-52,259285054,2
2026-07-23,Коледино,ESMASAKSMAVI,233025603,42-44,367458989,1
2026-07-23,Коледино,ESMASIYAH,233025598,38-40,367458953,1
2026-07-23,Коледино,ESMASIYAH,233025598,42-44,367458954,1
2026-07-23,Коледино,ESMAYESIL,233025602,38-40,367458981,1
2026-07-23,Коледино,GV013,190677432,STD,311725144,1
2026-07-23,Коледино,LILYBORDO01,150064438,54-56,251686996,0
2026-07-23,Коледино,LILYSIYAH01,150064437,46-48,259275927,1
2026-07-23,Коледино,SONNALACIVERT,172997228,46-48,286972963,2
2026-07-23,Коледино,SONNALACIVERT,172997228,50-52,286972964,1
2026-07-23,Коледино,SONNALACIVERT,172997228,58-60,286972966,2
2026-07-23,Коледино,SONNAMOR,172997224,46-48,286972951,5
2026-07-23,Коледино,SONNAMOR,172997224,54-56,286972953,1
2026-07-23,Коледино,SONNAMOR,172997224,58-60,286972954,1
2026-07-23,Коледино,SONNASAKSMAVI,233025589,46-48,367458922,0
2026-07-23,Коледино,SONNASAKSMAVI,233025589,58-60,367458925,2
2026-07-23,Коледино,SONNASIYAH,150171052,46-48,259276469,1
2026-07-23,Коледино,SONNASIYAH,150171052,50-52,251830069,0
2026-07-23,Коледино,SONNAYESIL,233025590,46-48,367458926,2
2026-07-23,Коледино,SONNAYESIL,233025590,50-52,367458927,2
2026-07-23,Коледино,SONNAYESIL,233025590,54-56,367458928,1
2026-07-23,Коледино,ZARABORDO,233025593,46-48,367458938,2
2026-07-23,Коледино,ZARABORDO,233025593,54-56,367458940,1
2026-07-23,Коледино,ZARABORDO,233025593,58-60,367458941,1
2026-07-23,Коледино,ZARALACIVERT01,150060261,46-48,268856082,1
2026-07-23,Коледино,ZARALACIVERT01,150060261,50-52,251681598,9
2026-07-23,Коледино,ZARALACIVERT01,150060261,54-56,251681599,6
2026-07-23,Коледино,ZARALACIVERT01,150060261,58-60,251681600,16
2026-07-23,Коледино,ZARAMOR,233025594,46-48,367458942,10
2026-07-23,Коледино,ZARAMOR,233025594,50-52,367458943,8
2026-07-23,Коледино,ZARAMOR,233025594,54-56,367458944,6
2026-07-23,Коледино,ZARAMOR,233025594,58-60,367458945,9
2026-07-23,Коледино,ZARASAKSMAVI,233025591,46-48,367458930,4
2026-07-23,Коледино,ZARASAKSMAVI,233025591,50-52,367458931,7
2026-07-23,Коледино,ZARASAKSMAVI,233025591,54-56,367458932,1
2026-07-23,Коледино,ZARASAKSMAVI,233025591,58-60,367458933,4
2026-07-23,Коледино,ZARASAMPANYA,233025595,46-48,367458946,1
2026-07-23,Коледино,ZARASAMPANYA,233025595,50-52,367458947,0
2026-07-23,Коледино,ZARASAMPANYA,233025595,54-56,367458948,0
2026-07-23,Коледино,ZARASAMPANYA,233025595,58-60,367458949,1
2026-07-23,Коледино,ZARASIYAH01,150060262,46-48,259276560,4
2026-07-23,Коледино,ZARASIYAH01,150060262,50-52,251681601,11
2026-07-23,Коледино,ZARASIYAH01,150060262,54-56,251681602,7
2026-07-23,Коледино,ZARASIYAH01,150060262,58-60,251681603,4
2026-07-23,Коледино,ZARAYESIL,233025592,46-48,367458934,13
2026-07-23,Коледино,ZARAYESIL,233025592,50-52,367458935,6
2026-07-23,Коледино,ZARAYESIL,233025592,54-56,367458936,7
2026-07-23,Коледино,ZARAYESIL,233025592,58-60,367458937,18
2026-07-23,Котовск,ALEXASIYAH01,150065294,46-48,259276808,1
2026-07-23,Котовск,ALEXASIYAH01,150065294,50-52,251688651,1
2026-07-23,Котовск,ARINABORDO,233020826,54-56,367452732,0
2026-07-23,Котовск,ARINABORDO,233020826,58-60,367452733,1
2026-07-23,Котовск,ARINALACIVERT,233020824,50-52,367452723,0
2026-07-23,Котовск,ARISIYAH01,155298180,50-52,259285054,1
2026-07-23,Котовск,ESMASAKSMAVI,233025603,46-48,367458990,1
2026-07-23,Котовск,SONNABORDO,172997223,50-52,286972948,1
2026-07-23,Котовск,SONNALACIVERT,172997228,46-48,286972963,0
2026-07-23,Котовск,SONNAMOR,172997224,46-48,286972951,0
2026-07-23,Котовск,SONNASAKSMAVI,233025589,54-56,367458924,1
2026-07-23,Котовск,SONNASIYAH,150171052,46-48,259276469,1
2026-07-23,Котовск,SONNASIYAH,150171052,50-52,251830069,0
2026-07-23,Котовск,SONNASIYAH,150171052,54-56,251830071,0
2026-07-23,Котовск,ZARABORDO,233025593,58-60,367458941,1
2026-07-23,Котовск,ZARAMOR,233025594,58-60,367458945,1
2026-07-23,Котовск,ZARASIYAH01,150060262,46-48,259276560,0
2026-07-23,Котовск,ZARASIYAH01,150060262,50-52,251681601,0
2026-07-23,Котовск,ZARASIYAH01,150060262,58-60,251681603,2
2026-07-23,Котовск,ZARAYESIL,233025592,46-48,367458934,0
2026-07-23,Краснодар,ALEXALACIVERT,203803475,46-48,328154136,2
2026-07-23,Краснодар,ALEXAMOR,172996093,50-52,286971015,1
2026-07-23,Краснодар,ALEXASAKSMAVI,233025615,46-48,367459047,3
2026-07-23,Краснодар,ALEXASAKSMAVI,233025615,50-52,367459048,2
2026-07-23,Краснодар,ALEXASAKSMAVI,233025615,54-56,367459049,0
2026-07-23,Краснодар,ALEXASIYAH01,150065294,46-48,259276808,0
2026-07-23,Краснодар,ALEXASIYAH01,150065294,54-56,251688652,0
2026-07-23,Краснодар,ALEXAYESIL,233025616,54-56,367459053,1
2026-07-23,Краснодар,ALEXAYESIL,233025616,58-60,367459054,0
2026-07-23,Краснодар,ARINABORDO,233020826,50-52,367452731,2
2026-07-23,Краснодар,ARINABORDO,233020826,54-56,367452732,12
2026-07-23,Краснодар,ARINABORDO,233020826,58-60,367452733,7
2026-07-23,Краснодар,ARINALACIVERT,233020824,50-52,367452723,2
2026-07-23,Краснодар,ARINALACIVERT,233020824,54-56,367452724,9
2026-07-23,Краснодар,ARINALACIVERT,233020824,58-60,367452725,8
2026-07-23,Краснодар,ARINAMOR,233020825,50-52,367452727,0
2026-07-23,Краснодар,ARINAMOR,233020825,54-56,367452728,17
2026-07-23,Краснодар,ARINAMOR,233020825,58-60,367452729,14
2026-07-23,Краснодар,ARINASIYAH01,155297552,46-48,259284252,0
2026-07-23,Краснодар,ARINASIYAH01,155297552,50-52,259284253,1
2026-07-23,Краснодар,ARISIYAH01,155298180,46-48,259285053,1
2026-07-23,Краснодар,ARISIYAH01,155298180,50-52,259285054,1
2026-07-23,Краснодар,GV015,190897171,2,311993482,1
2026-07-23,Краснодар,INT 22 1204,152577015,3-6м,255330913,0
2026-07-23,Краснодар,LILYBORDO01,150064438,50-52,251686995,1
2026-07-23,Краснодар,LILYBORDO01,150064438,54-56,251686996,1
2026-07-23,Краснодар,LILYSIYAH01,150064437,46-48,259275927,0
2026-07-23,Краснодар,LILYVISNE01,197650450,58-60,320436774,0
2026-07-23,Краснодар,LILYYESIL01,197648828,46-48,320433826,0
2026-07-23,Краснодар,SONNABORDO,172997223,46-48,286972947,1
2026-07-23,Краснодар,SONNABORDO,172997223,50-52,286972948,0
2026-07-23,Краснодар,SONNABORDO,172997223,58-60,286972950,1
2026-07-23,Краснодар,SONNALACIVERT,172997228,46-48,286972963,1
2026-07-23,Краснодар,SONNALACIVERT,172997228,58-60,286972966,1
2026-07-23,Краснодар,SONNAMOR,172997224,54-56,286972953,1
2026-07-23,Краснодар,SONNAMOR,172997224,58-60,286972954,1
2026-07-23,Краснодар,SONNASAKSMAVI,233025589,54-56,367458924,1
2026-07-23,Краснодар,SONNASIYAH,150171052,46-48,259276469,0
2026-07-23,Краснодар,SONNASIYAH,150171052,58-60,251830072,1
2026-07-23,Краснодар,SONNAYESIL,233025590,50-52,367458927,1
2026-07-23,Краснодар,SONNAYESIL,233025590,54-56,367458928,2
2026-07-23,Краснодар,SONNAYESIL,233025590,58-60,367458929,2
2026-07-23,Краснодар,ZARABORDO,233025593,46-48,367458938,1
2026-07-23,Краснодар,ZARABORDO,233025593,54-56,367458940,1
2026-07-23,Краснодар,ZARABORDO,233025593,58-60,367458941,1
2026-07-23,Краснодар,ZARALACIVERT01,150060261,46-48,268856082,3
2026-07-23,Краснодар,ZARALACIVERT01,150060261,54-56,251681599,4
2026-07-23,Краснодар,ZARALACIVERT01,150060261,58-60,251681600,4
2026-07-23,Краснодар,ZARAMOR,233025594,46-48,367458942,1
2026-07-23,Краснодар,ZARASAKSMAVI,233025591,46-48,367458930,1
2026-07-23,Краснодар,ZARASAMPANYA,233025595,46-48,367458946,0
2026-07-23,Краснодар,ZARASAMPANYA,233025595,50-52,367458947,0
2026-07-23,Краснодар,ZARASAMPANYA,233025595,54-56,367458948,2
2026-07-23,Краснодар,ZARASAMPANYA,233025595,58-60,367458949,1
2026-07-23,Краснодар,ZARASIYAH01,150060262,46-48,259276560,4
2026-07-23,Краснодар,ZARASIYAH01,150060262,50-52,251681601,3
2026-07-23,Краснодар,ZARASIYAH01,150060262,58-60,251681603,5
2026-07-23,Краснодар,ZARAYESIL,233025592,46-48,367458934,1
2026-07-23,Краснодар,ZARAYESIL,233025592,54-56,367458936,1
2026-07-23,Краснодар,ZARAYESIL,233025592,58-60,367458937,1
2026-07-23,Крыловская,SONNASIYAH,150171052,54-56,251830071,0
2026-07-23,Курск,ZARASAMPANYA,233025595,50-52,367458947,0
2026-07-23,Махачкала Сепараторная,ALEXALACIVERT,203803475,50-52,328154140,0
2026-07-23,Махачкала Сепараторная,ALEXASAKSMAVI,233025615,50-52,367459048,0
2026-07-23,Махачкала Сепараторная,ZARASIYAH01,150060262,54-56,251681602,0
2026-07-23,Невинномысск,КЛАССИКПЛТ,198528756,XL,321629559,1
2026-07-23,Невинномысск,ALEXABORDO,172994281,46-48,286969938,1
2026-07-23,Невинномысск,ALEXABORDO,172994281,54-56,286969940,2
2026-07-23,Невинномысск,ALEXALACIVERT,203803475,46-48,328154136,1
2026-07-23,Невинномысск,ALEXALACIVERT,203803475,50-52,328154140,1
2026-07-23,Невинномысск,ALEXALACIVERT,203803475,54-56,328154143,23
2026-07-23,Невинномысск,ALEXALACIVERT,203803475,58-60,328154150,40
2026-07-23,Невинномысск,ALEXAMOR,172996093,46-48,286971014,16
2026-07-23,Невинномысск,ALEXAMOR,172996093,58-60,286971017,11
2026-07-23,Невинномысск,ALEXASAKSMAVI,233025615,46-48,367459047,2
2026-07-23,Невинномысск,ALEXASAKSMAVI,233025615,50-52,367459048,0
2026-07-23,Невинномысск,ALEXASAKSMAVI,233025615,58-60,367459050,0
2026-07-23,Невинномысск,ALEXASIYAH01,150065294,46-48,259276808,0
2026-07-23,Невинномысск,ALEXASIYAH01,150065294,50-52,251688651,1
2026-07-23,Невинномысск,ALEXASIYAH01,150065294,54-56,251688652,9
2026-07-23,Невинномысск,ALEXASIYAH01,150065294,58-60,251688653,40
2026-07-23,Невинномысск,ALEXAYESIL,233025616,46-48,367459051,0
2026-07-23,Невинномысск,ALEXAYESIL,233025616,54-56,367459053,0
2026-07-23,Невинномысск,ALEXAYESIL,233025616,58-60,367459054,1
2026-07-23,Невинномысск,ARINABORDO,233020826,46-48,367452730,0
2026-07-23,Невинномысск,ARINABORDO,233020826,54-56,367452732,1
2026-07-23,Невинномысск,ARINABORDO,233020826,58-60,367452733,1
2026-07-23,Невинномысск,ARINALACIVERT,233020824,46-48,367452722,0
2026-07-23,Невинномысск,ARINALACIVERT,233020824,50-52,367452723,1
2026-07-23,Невинномысск,ARINALACIVERT,233020824,54-56,367452724,1
2026-07-23,Невинномысск,ARINALACIVERT,233020824,58-60,367452725,1
2026-07-23,Невинномысск,ARINAMOR,233020825,54-56,367452728,1
2026-07-23,Невинномысск,ARINASIYAH01,155297552,46-48,259284252,0
2026-07-23,Невинномысск,ARINASIYAH01,155297552,50-52,259284253,1
2026-07-23,Невинномысск,ARISIYAH01,155298180,50-52,259285054,1
2026-07-23,Невинномысск,ARISIYAH01,155298180,54-56,259285055,1
2026-07-23,Невинномысск,ARISIYAH01,155298180,58-60,259285056,1
2026-07-23,Невинномысск,ESMALACIVERT,233025599,42-44,367458961,1
2026-07-23,Невинномысск,ESMALACIVERT,233025599,46-48,367458962,1
2026-07-23,Невинномысск,ESMAYESIL,233025602,38-40,367458981,1
2026-07-23,Невинномысск,ESMAYESIL,233025602,42-44,367458982,2
2026-07-23,Невинномысск,INT 22 1204,152577015,0-3м,255330912,1
2026-07-23,Невинномысск,LILYBORDO01,150064438,54-56,251686996,0
2026-07-23,Невинномысск,LILYSIYAH01,150064437,46-48,259275927,0
2026-07-23,Невинномысск,LILYSIYAH01,150064437,58-60,251686994,2
2026-07-23,Невинномысск,LILYYESIL01,197648828,46-48,320433826,2
2026-07-23,Невинномысск,SONNABORDO,172997223,50-52,286972948,2
2026-07-23,Невинномысск,SONNALACIVERT,172997228,50-52,286972964,0
2026-07-23,Невинномысск,SONNAMOR,172997224,54-56,286972953,1
2026-07-23,Невинномысск,SONNAMOR,172997224,58-60,286972954,1
2026-07-23,Невинномысск,SONNASAKSMAVI,233025589,46-48,367458922,1
2026-07-23,Невинномысск,SONNASAKSMAVI,233025589,50-52,367458923,0
2026-07-23,Невинномысск,SONNASAKSMAVI,233025589,54-56,367458924,1
2026-07-23,Невинномысск,SONNASIYAH,150171052,50-52,251830069,0
2026-07-23,Невинномысск,SONNASIYAH,150171052,58-60,251830072,1
2026-07-23,Невинномысск,SONNAYESIL,233025590,54-56,367458928,2
2026-07-23,Невинномысск,ZARABORDO,233025593,54-56,367458940,0
2026-07-23,Невинномысск,ZARALACIVERT01,150060261,46-48,268856082,2
2026-07-23,Невинномысск,ZARALACIVERT01,150060261,58-60,251681600,1
2026-07-23,Невинномысск,ZARAMOR,233025594,50-52,367458943,1
2026-07-23,Невинномысск,ZARASAKSMAVI,233025591,54-56,367458932,1
2026-07-23,Невинномысск,ZARASAMPANYA,233025595,54-56,367458948,2
2026-07-23,Невинномысск,ZARASIYAH01,150060262,46-48,259276560,1
2026-07-23,Невинномысск,ZARASIYAH01,150060262,50-52,251681601,1
2026-07-23,Невинномысск,ZARASIYAH01,150060262,54-56,251681602,1
2026-07-23,Невинномысск,ZARASIYAH01,150060262,58-60,251681603,2
2026-07-23,Новосемейкино,ALEXABORDO,172994281,46-48,286969938,2
2026-07-23,Новосемейкино,ALEXABORDO,172994281,54-56,286969940,1
2026-07-23,Новосемейкино,ALEXALACIVERT,203803475,46-48,328154136,1
2026-07-23,Новосемейкино,ALEXASAKSMAVI,233025615,58-60,367459050,2
2026-07-23,Новосемейкино,ALEXASIYAH01,150065294,46-48,259276808,26
2026-07-23,Новосемейкино,ALEXASIYAH01,150065294,50-52,251688651,0
2026-07-23,Новосемейкино,ALEXASIYAH01,150065294,54-56,251688652,0
2026-07-23,Новосемейкино,ALEXAYESIL,233025616,54-56,367459053,1
2026-07-23,Новосемейкино,ALEXAYESIL,233025616,58-60,367459054,2
2026-07-23,Новосемейкино,ARINABORDO,233020826,46-48,367452730,1
2026-07-23,Новосемейкино,ARINABORDO,233020826,50-52,367452731,1
2026-07-23,Новосемейкино,ARINABORDO,233020826,54-56,367452732,2
2026-07-23,Новосемейкино,ARINABORDO,233020826,58-60,367452733,1
2026-07-23,Новосемейкино,ARINALACIVERT,233020824,46-48,367452722,1
2026-07-23,Новосемейкино,ARINALACIVERT,233020824,54-56,367452724,0
2026-07-23,Новосемейкино,ARINAMOR,233020825,50-52,367452727,1
2026-07-23,Новосемейкино,ARINAMOR,233020825,54-56,367452728,2
2026-07-23,Новосемейкино,ESMABORDO,233025601,34-36,367458973,1
2026-07-23,Новосемейкино,ESMASAKSMAVI,233025603,42-44,367458989,1
2026-07-23,Новосемейкино,ESMAYESIL,233025602,42-44,367458982,1
2026-07-23,Новосемейкино,LILYSIYAH01,150064437,46-48,259275927,0
2026-07-23,Новосемейкино,LILYSIYAH01,150064437,50-52,251686992,0
2026-07-23,Новосемейкино,LILYYESIL01,197648828,46-48,320433826,0
2026-07-23,Новосемейкино,SONNABORDO,172997223,54-56,286972949,0
2026-07-23,Новосемейкино,SONNABORDO,172997223,58-60,286972950,1
2026-07-23,Новосемейкино,SONNALACIVERT,172997228,50-52,286972964,1
2026-07-23,Новосемейкино,SONNALACIVERT,172997228,58-60,286972966,0
2026-07-23,Новосемейкино,SONNAMOR,172997224,46-48,286972951,7
2026-07-23,Новосемейкино,SONNAMOR,172997224,54-56,286972953,1
2026-07-23,Новосемейкино,SONNAMOR,172997224,58-60,286972954,2
2026-07-23,Новосемейкино,SONNASAKSMAVI,233025589,46-48,367458922,2
2026-07-23,Новосемейкино,SONNASIYAH,150171052,46-48,259276469,1
2026-07-23,Новосемейкино,SONNASIYAH,150171052,54-56,251830071,1
2026-07-23,Новосемейкино,SONNAYESIL,233025590,50-52,367458927,1
2026-07-23,Новосемейкино,SONNAYESIL,233025590,54-56,367458928,1
2026-07-23,Новосемейкино,SONNAYESIL,233025590,58-60,367458929,1
2026-07-23,Новосемейкино,ZARABORDO,233025593,46-48,367458938,2
2026-07-23,Новосемейкино,ZARALACIVERT01,150060261,58-60,251681600,3
2026-07-23,Новосемейкино,ZARASAKSMAVI,233025591,46-48,367458930,1
2026-07-23,Новосемейкино,ZARASAKSMAVI,233025591,50-52,367458931,1
2026-07-23,Новосемейкино,ZARASAKSMAVI,233025591,58-60,367458933,1
2026-07-23,Новосемейкино,ZARASAMPANYA,233025595,50-52,367458947,0
2026-07-23,Новосемейкино,ZARASAMPANYA,233025595,54-56,367458948,1
2026-07-23,Новосемейкино,ZARASIYAH01,150060262,46-48,259276560,2
2026-07-23,Новосемейкино,ZARASIYAH01,150060262,50-52,251681601,3
2026-07-23,Новосемейкино,ZARASIYAH01,150060262,54-56,251681602,6
2026-07-23,Новосемейкино,ZARASIYAH01,150060262,58-60,251681603,4
2026-07-23,Новосемейкино,ZARAYESIL,233025592,54-56,367458936,1
2026-07-23,Омск,SONNAMOR,172997224,58-60,286972954,0
2026-07-23,Остальные,ALEXABORDO,172994281,46-48,286969938,0
2026-07-23,Остальные,ALEXABORDO,172994281,54-56,286969940,0
2026-07-23,Остальные,ALEXALACIVERT,203803475,46-48,328154136,0
2026-07-23,Остальные,ALEXALACIVERT,203803475,50-52,328154140,0
2026-07-23,Остальные,ALEXALACIVERT,203803475,54-56,328154143,0
2026-07-23,Остальные,ALEXAMOR,172996093,46-48,286971014,0
2026-07-23,Остальные,ALEXAMOR,172996093,50-52,286971015,0
2026-07-23,Остальные,ALEXAMOR,172996093,58-60,286971017,0
2026-07-23,Остальные,ALEXASAKSMAVI,233025615,50-52,367459048,0
2026-07-23,Остальные,ALEXASAKSMAVI,233025615,54-56,367459049,0
2026-07-23,Остальные,ALEXASAKSMAVI,233025615,58-60,367459050,0
2026-07-23,Остальные,ALEXASIYAH01,150065294,46-48,259276808,0
2026-07-23,Остальные,ALEXASIYAH01,150065294,50-52,251688651,0
2026-07-23,Остальные,ALEXASIYAH01,150065294,54-56,251688652,0
2026-07-23,Остальные,ALEXASIYAH01,150065294,58-60,251688653,0
2026-07-23,Остальные,ALEXAYESIL,233025616,46-48,367459051,0
2026-07-23,Остальные,ALEXAYESIL,233025616,50-52,367459052,0
2026-07-23,Остальные,ALEXAYESIL,233025616,54-56,367459053,0
2026-07-23,Остальные,ALEXAYESIL,233025616,58-60,367459054,0
2026-07-23,Остальные,ARINABORDO,233020826,46-48,367452730,0
2026-07-23,Остальные,ARINABORDO,233020826,50-52,367452731,0
2026-07-23,Остальные,ARINABORDO,233020826,54-56,367452732,0
2026-07-23,Остальные,ARINABORDO,233020826,58-60,367452733,0
2026-07-23,Остальные,ARINALACIVERT,233020824,46-48,367452722,0
2026-07-23,Остальные,ARINALACIVERT,233020824,54-56,367452724,0
2026-07-23,Остальные,ARINALACIVERT,233020824,58-60,367452725,0
2026-07-23,Остальные,ARINAMOR,233020825,50-52,367452727,0
2026-07-23,Остальные,ARINAMOR,233020825,54-56,367452728,0
2026-07-23,Остальные,ARINASIYAH01,155297552,46-48,259284252,0
2026-07-23,Остальные,ARINASIYAH01,155297552,50-52,259284253,0
2026-07-23,Остальные,ARINASIYAH01,155297552,54-56,259284254,0
2026-07-23,Остальные,ARINASIYAH01,155297552,58-60,259284255,0
2026-07-23,Остальные,LILYBORDO01,150064438,54-56,251686996,0
2026-07-23,Остальные,LILYSIYAH01,150064437,46-48,259275927,0
2026-07-23,Остальные,LILYSIYAH01,150064437,50-52,251686992,0
2026-07-23,Остальные,LILYSIYAH01,150064437,54-56,251686993,0
2026-07-23,Остальные,LILYSIYAH01,150064437,58-60,251686994,0
2026-07-23,Остальные,LILYVISNE01,197650450,54-56,320436773,0
2026-07-23,Остальные,LILYVISNE01,197650450,58-60,320436774,0
2026-07-23,Остальные,LILYYESIL01,197648828,46-48,320433826,0
2026-07-23,Остальные,SONNABORDO,172997223,50-52,286972948,0
2026-07-23,Остальные,SONNALACIVERT,172997228,54-56,286972965,0
2026-07-23,Остальные,SONNALACIVERT,172997228,58-60,286972966,0
2026-07-23,Остальные,SONNAMOR,172997224,54-56,286972953,0
2026-07-23,Остальные,SONNASAKSMAVI,233025589,46-48,367458922,0
2026-07-23,Остальные,SONNASAKSMAVI,233025589,50-52,367458923,0
2026-07-23,Остальные,SONNAYESIL,233025590,46-48,367458926,0
2026-07-23,Остальные,ZARALACIVERT01,150060261,54-56,251681599,0
2026-07-23,Остальные,ZARAMOR,233025594,58-60,367458945,0
2026-07-23,Остальные,ZARASAKSMAVI,233025591,46-48,367458930,0
2026-07-23,Остальные,ZARASAKSMAVI,233025591,54-56,367458932,0
2026-07-23,Остальные,ZARASAMPANYA,233025595,46-48,367458946,0
2026-07-23,Остальные,ZARASAMPANYA,233025595,50-52,367458947,0
2026-07-23,Остальные,ZARASAMPANYA,233025595,54-56,367458948,0
2026-07-23,Остальные,ZARASAMPANYA,233025595,58-60,367458949,0
2026-07-23,Остальные,ZARASIYAH01,150060262,46-48,259276560,0
2026-07-23,Остальные,ZARASIYAH01,150060262,50-52,251681601,0
2026-07-23,Остальные,ZARASIYAH01,150060262,58-60,251681603,0
2026-07-23,Остальные,ZARAYESIL,233025592,50-52,367458935,0
2026-07-23,Остальные,ZARAYESIL,233025592,54-56,367458936,0
2026-07-23,Пенза WB,ALEXASAKSMAVI,233025615,46-48,367459047,1
2026-07-23,Пенза WB,ALEXASAKSMAVI,233025615,50-52,367459048,1
2026-07-23,Пенза WB,ARINALACIVERT,233020824,50-52,367452723,1
2026-07-23,Пенза WB,ARINALACIVERT,233020824,54-56,367452724,2
2026-07-23,Пенза WB,ARINAMOR,233020825,46-48,367452726,1
2026-07-23,Пенза WB,SONNALACIVERT,172997228,54-56,286972965,1
2026-07-23,Пенза WB,ZARAMOR,233025594,46-48,367458942,1
2026-07-23,Пенза WB,ZARASAMPANYA,233025595,50-52,367458947,0
2026-07-23,Пенза WB,ZARASAMPANYA,233025595,54-56,367458948,0
2026-07-23,Подольск,ALEXAYESIL,233025616,50-52,367459052,0
2026-07-23,Пушкино,SONNASIYAH,150171052,50-52,251830069,0
2026-07-23,Пушкино,ZARABORDO,233025593,54-56,367458940,0
2026-07-23,Рязань (Тюшевское),ALEXALACIVERT,203803475,46-48,328154136,1
2026-07-23,Рязань (Тюшевское),ALEXAMOR,172996093,50-52,286971015,0
2026-07-23,Рязань (Тюшевское),ALEXASIYAH01,150065294,46-48,259276808,0
2026-07-23,Рязань (Тюшевское),ALEXAYESIL,233025616,50-52,367459052,1
2026-07-23,Рязань (Тюшевское),ALEXAYESIL,233025616,54-56,367459053,0
2026-07-23,Рязань (Тюшевское),ARINABORDO,233020826,46-48,367452730,0
2026-07-23,Рязань (Тюшевское),ARINABORDO,233020826,50-52,367452731,1
2026-07-23,Рязань (Тюшевское),ARINABORDO,233020826,58-60,367452733,0
2026-07-23,Рязань (Тюшевское),ARINALACIVERT,233020824,50-52,367452723,1
2026-07-23,Рязань (Тюшевское),ARINALACIVERT,233020824,54-56,367452724,1
2026-07-23,Рязань (Тюшевское),ARINAMOR,233020825,58-60,367452729,1
2026-07-23,Рязань (Тюшевское),ARISIYAH01,155298180,46-48,259285053,1
2026-07-23,Рязань (Тюшевское),ESMABORDO,233025601,38-40,367458974,2
2026-07-23,Рязань (Тюшевское),LILYSIYAH01,150064437,46-48,259275927,0
2026-07-23,Рязань (Тюшевское),LILYSIYAH01,150064437,58-60,251686994,0
2026-07-23,Рязань (Тюшевское),SONNABORDO,172997223,46-48,286972947,1
2026-07-23,Рязань (Тюшевское),SONNABORDO,172997223,50-52,286972948,0
2026-07-23,Рязань (Тюшевское),SONNABORDO,172997223,54-56,286972949,0
2026-07-23,Рязань (Тюшевское),SONNAMOR,172997224,46-48,286972951,1
2026-07-23,Рязань (Тюшевское),SONNAMOR,172997224,58-60,286972954,2
2026-07-23,Рязань (Тюшевское),SONNASAKSMAVI,233025589,46-48,367458922,0
2026-07-23,Рязань (Тюшевское),SONNAYESIL,233025590,46-48,367458926,0
2026-07-23,Рязань (Тюшевское),SONNAYESIL,233025590,58-60,367458929,1
2026-07-23,Рязань (Тюшевское),ZARABORDO,233025593,46-48,367458938,3
2026-07-23,Рязань (Тюшевское),ZARABORDO,233025593,58-60,367458941,1
2026-07-23,Рязань (Тюшевское),ZARALACIVERT01,150060261,50-52,251681598,3
2026-07-23,Рязань (Тюшевское),ZARALACIVERT01,150060261,54-56,251681599,0
2026-07-23,Рязань (Тюшевское),ZARAMOR,233025594,46-48,367458942,2
2026-07-23,Рязань (Тюшевское),ZARASAKSMAVI,233025591,46-48,367458930,1
2026-07-23,Рязань (Тюшевское),ZARASAKSMAVI,233025591,50-52,367458931,1
2026-07-23,Рязань (Тюшевское),ZARASAKSMAVI,233025591,54-56,367458932,1
2026-07-23,Рязань (Тюшевское),ZARASAMPANYA,233025595,50-52,367458947,1
2026-07-23,Рязань (Тюшевское),ZARASAMPANYA,233025595,54-56,367458948,1
2026-07-23,Рязань (Тюшевское),ZARASIYAH01,150060262,46-48,259276560,1
2026-07-23,Рязань (Тюшевское),ZARASIYAH01,150060262,50-52,251681601,3
2026-07-23,Рязань (Тюшевское),ZARASIYAH01,150060262,54-56,251681602,3
2026-07-23,Сарапул WB,ALEXASAKSMAVI,233025615,46-48,367459047,0
2026-07-23,Сарапул WB,ALEXAYESIL,233025616,58-60,367459054,2
2026-07-23,Сарапул WB,ARINABORDO,233020826,58-60,367452733,0
2026-07-23,Сарапул WB,ARISIYAH01,155298180,58-60,259285056,1
2026-07-23,Сарапул WB,GV006,189553331,1,310247959,1
2026-07-23,Сарапул WB,LILYVISNE01,197650450,58-60,320436774,0
2026-07-23,Сарапул WB,SONNABORDO,172997223,46-48,286972947,1
2026-07-23,Сарапул WB,SONNALACIVERT,172997228,46-48,286972963,1
2026-07-23,Сарапул WB,SONNALACIVERT,172997228,58-60,286972966,1
2026-07-23,Сарапул WB,SONNASAKSMAVI,233025589,58-60,367458925,1
2026-07-23,Сарапул WB,SONNAYESIL,233025590,50-52,367458927,1
2026-07-23,Сарапул WB,ZARABORDO,233025593,50-52,367458939,1
2026-07-23,Сарапул WB,ZARABORDO,233025593,54-56,367458940,2
2026-07-23,Сарапул WB,ZARALACIVERT01,150060261,50-52,251681598,1
2026-07-23,Сарапул WB,ZARASAMPANYA,233025595,54-56,367458948,0
2026-07-23,Сарапул WB,ZARASIYAH01,150060262,54-56,251681602,2
2026-07-23,Сарапул WB,ZARASIYAH01,150060262,58-60,251681603,1
2026-07-23,"Симферополь, Молодежненское",LILYSIYAH01,150064437,46-48,259275927,0
2026-07-23,"Симферополь, Молодежненское",LILYSIYAH01,150064437,54-56,251686993,0
2026-07-23,СК Ереван,ALEXALACIVERT,203803475,50-52,328154140,1
2026-07-23,СК Ереван,ALEXAMOR,172996093,50-52,286971015,1
2026-07-23,СК Ереван,ALEXASAKSMAVI,233025615,54-56,367459049,1
2026-07-23,СК Ереван,ALEXASAKSMAVI,233025615,58-60,367459050,2
2026-07-23,СК Ереван,ALEXAYESIL,233025616,54-56,367459053,1
2026-07-23,СК Ереван,ARINALACIVERT,233020824,54-56,367452724,0
2026-07-23,СК Ереван,ARINALACIVERT,233020824,58-60,367452725,0
2026-07-23,СК Ереван,ARINASIYAH01,155297552,46-48,259284252,1
2026-07-23,СК Ереван,ARINASIYAH01,155297552,58-60,259284255,0
2026-07-23,СК Ереван,LILYBORDO01,150064438,54-56,251686996,0
2026-07-23,СК Ереван,LILYBORDO01,150064438,58-60,251686997,0
2026-07-23,СК Ереван,LILYSIYAH01,150064437,46-48,259275927,1
2026-07-23,СК Ереван,LILYSIYAH01,150064437,58-60,251686994,0
2026-07-23,СК Ереван,LILYVISNE01,197650450,54-56,320436773,0
2026-07-23,СК Ереван,SONNALACIVERT,172997228,58-60,286972966,2
2026-07-23,СК Ереван,SONNASIYAH,150171052,58-60,251830072,2
2026-07-23,СК Ереван,SONNAYESIL,233025590,50-52,367458927,1
2026-07-23,СК Ереван,SONNAYESIL,233025590,58-60,367458929,1
2026-07-23,СК Ереван,ZARALACIVERT01,150060261,50-52,251681598,1
2026-07-23,СК Ереван,ZARALACIVERT01,150060261,54-56,251681599,1
2026-07-23,СК Ереван,ZARASAKSMAVI,233025591,50-52,367458931,1
2026-07-23,СК Ереван,ZARASIYAH01,150060262,50-52,251681601,1
2026-07-23,СК Ереван,ZARASIYAH01,150060262,54-56,251681602,1
2026-07-23,СК Ереван,ZARASIYAH01,150060262,58-60,251681603,1
2026-07-23,СК Тверь Эммаусское WB,ALEXABORDO,172994281,54-56,286969940,0
2026-07-23,СК Тверь Эммаусское WB,ARINALACIVERT,233020824,54-56,367452724,1
2026-07-23,СК Тверь Эммаусское WB,ARINAMOR,233020825,58-60,367452729,1
2026-07-23,Склад СПБ Шушары Московское,ALEXALACIVERT,203803475,50-52,328154140,0
2026-07-23,Склад СПБ Шушары Московское,ALEXASAKSMAVI,233025615,50-52,367459048,1
2026-07-23,Склад СПБ Шушары Московское,ALEXASAKSMAVI,233025615,58-60,367459050,1
2026-07-23,Склад СПБ Шушары Московское,ALEXAYESIL,233025616,54-56,367459053,1
2026-07-23,Склад СПБ Шушары Московское,ALEXAYESIL,233025616,58-60,367459054,0
2026-07-23,Склад СПБ Шушары Московское,ARINASIYAH01,155297552,46-48,259284252,0
2026-07-23,Склад СПБ Шушары Московское,LILYYESIL01,197648828,46-48,320433826,0
2026-07-23,Склад СПБ Шушары Московское,SONNALACIVERT,172997228,46-48,286972963,1
2026-07-23,Склад СПБ Шушары Московское,SONNALACIVERT,172997228,54-56,286972965,1
2026-07-23,Склад СПБ Шушары Московское,SONNALACIVERT,172997228,58-60,286972966,1
2026-07-23,Склад СПБ Шушары Московское,SONNAMOR,172997224,46-48,286972951,1
2026-07-23,Склад СПБ Шушары Московское,SONNASIYAH,150171052,46-48,259276469,1
2026-07-23,Склад СПБ Шушары Московское,SONNASIYAH,150171052,54-56,251830071,1
2026-07-23,Склад СПБ Шушары Московское,ZARALACIVERT01,150060261,50-52,251681598,1
2026-07-23,Склад СПБ Шушары Московское,ZARAMOR,233025594,58-60,367458945,1
2026-07-23,Склад СПБ Шушары Московское,ZARASAMPANYA,233025595,54-56,367458948,2
2026-07-23,Склад СПБ Шушары Московское,ZARASIYAH01,150060262,50-52,251681601,2
2026-07-23,Склад СПБ Шушары Московское,ZARAYESIL,233025592,58-60,367458937,1
2026-07-23,Сургут,ARINASIYAH01,155297552,50-52,259284253,0
2026-07-23,СЦ Барнаул,ALEXAYESIL,233025616,58-60,367459054,0
2026-07-23,СЦ Ереван Арташисян 106,LILYSIYAH01,150064437,46-48,259275927,0
2026-07-23,СЦ Ереван Арташисян 106,LILYSIYAH01,150064437,54-56,251686993,0
2026-07-23,СЦ Ереван Арташисян 106,SONNALACIVERT,172997228,50-52,286972964,1
2026-07-23,СЦ Ереван Арташисян 106,SONNALACIVERT,172997228,54-56,286972965,1
2026-07-23,СЦ Шушары,ZARASIYAH01,150060262,58-60,251681603,0
2026-07-23,Томск,ARINALACIVERT,233020824,54-56,367452724,0
2026-07-23,Тула,ALEXABORDO,172994281,46-48,286969938,0
2026-07-23,Тула,ALEXASAKSMAVI,233025615,46-48,367459047,0
2026-07-23,Тула,ALEXASAKSMAVI,233025615,54-56,367459049,0
2026-07-23,Тула,ALEXASAKSMAVI,233025615,58-60,367459050,1
2026-07-23,Тула,ALEXASIYAH01,150065294,46-48,259276808,0
2026-07-23,Тула,ALEXASIYAH01,150065294,50-52,251688651,0
2026-07-23,Тула,ALEXASIYAH01,150065294,58-60,251688653,0
2026-07-23,Тула,ALEXAYESIL,233025616,54-56,367459053,3
2026-07-23,Тула,ARINABORDO,233020826,46-48,367452730,0
2026-07-23,Тула,ARINABORDO,233020826,58-60,367452733,0
2026-07-23,Тула,ARINALACIVERT,233020824,50-52,367452723,1
2026-07-23,Тула,ARINALACIVERT,233020824,54-56,367452724,2
2026-07-23,Тула,ARINALACIVERT,233020824,58-60,367452725,1
2026-07-23,Тула,ARINAMOR,233020825,46-48,367452726,2
2026-07-23,Тула,ARINAMOR,233020825,50-52,367452727,1
2026-07-23,Тула,ARISIYAH01,155298180,54-56,259285055,1
2026-07-23,Тула,ARISIYAH01,155298180,58-60,259285056,1
2026-07-23,Тула,ESMABORDO,233025601,46-48,367458976,0
2026-07-23,Тула,ESMASIYAH,233025598,38-40,367458953,1
2026-07-23,Тула,GV013,190677432,STD,311725144,1
2026-07-23,Тула,GV015,190897171,1,311993481,1
2026-07-23,Тула,LILYBORDO01,150064438,54-56,251686996,0
2026-07-23,Тула,LILYBORDO01,150064438,58-60,251686997,0
2026-07-23,Тула,LILYSIYAH01,150064437,46-48,259275927,0
2026-07-23,Тула,LILYSIYAH01,150064437,54-56,251686993,0
2026-07-23,Тула,SONNABORDO,172997223,46-48,286972947,2
2026-07-23,Тула,SONNALACIVERT,172997228,46-48,286972963,3
2026-07-23,Тула,SONNALACIVERT,172997228,54-56,286972965,0
2026-07-23,Тула,SONNAMOR,172997224,46-48,286972951,1
2026-07-23,Тула,SONNAMOR,172997224,54-56,286972953,0
2026-07-23,Тула,SONNASAKSMAVI,233025589,46-48,367458922,0
2026-07-23,Тула,SONNASAKSMAVI,233025589,50-52,367458923,1
2026-07-23,Тула,SONNASAKSMAVI,233025589,54-56,367458924,1
2026-07-23,Тула,SONNASIYAH,150171052,46-48,259276469,1
2026-07-23,Тула,SONNAYESIL,233025590,46-48,367458926,1
2026-07-23,Тула,SONNAYESIL,233025590,54-56,367458928,1
2026-07-23,Тула,ZARABORDO,233025593,58-60,367458941,1
2026-07-23,Тула,ZARALACIVERT01,150060261,54-56,251681599,1
2026-07-23,Тула,ZARALACIVERT01,150060261,58-60,251681600,1
2026-07-23,Тула,ZARAMOR,233025594,46-48,367458942,1
2026-07-23,Тула,ZARAMOR,233025594,50-52,367458943,2
2026-07-23,Тула,ZARAMOR,233025594,54-56,367458944,2
2026-07-23,Тула,ZARASAKSMAVI,233025591,50-52,367458931,1
2026-07-23,Тула,ZARASAKSMAVI,233025591,54-56,367458932,1
2026-07-23,Тула,ZARASAMPANYA,233025595,46-48,367458946,0
2026-07-23,Тула,ZARASAMPANYA,233025595,50-52,367458947,1
2026-07-23,Тула,ZARASAMPANYA,233025595,54-56,367458948,0
2026-07-23,Тула,ZARASAMPANYA,233025595,58-60,367458949,2
2026-07-23,Тула,ZARASIYAH01,150060262,46-48,259276560,3
2026-07-23,Тула,ZARASIYAH01,150060262,50-52,251681601,2
2026-07-23,Тула,ZARASIYAH01,150060262,58-60,251681603,2
2026-07-23,Тула,ZARAYESIL,233025592,50-52,367458935,1
2026-07-23,Ульяновск,SONNASIYAH,150171052,50-52,251830069,0
2026-07-23,Электросталь,ALEXABORDO,172994281,50-52,286969939,9
2026-07-23,Электросталь,ALEXABORDO,172994281,54-56,286969940,19
2026-07-23,Электросталь,ALEXALACIVERT,203803475,46-48,328154136,30
2026-07-23,Электросталь,ALEXALACIVERT,203803475,50-52,328154140,14
2026-07-23,Электросталь,ALEXAMOR,172996093,50-52,286971015,14
2026-07-23,Электросталь,ALEXASAKSMAVI,233025615,46-48,367459047,8
2026-07-23,Электросталь,ALEXASIYAH01,150065294,46-48,259276808,4
2026-07-23,Электросталь,ARINABORDO,233020826,46-48,367452730,12
2026-07-23,Электросталь,ARINABORDO,233020826,50-52,367452731,7
2026-07-23,Электросталь,ARINABORDO,233020826,54-56,367452732,1
2026-07-23,Электросталь,ARINABORDO,233020826,58-60,367452733,1
2026-07-23,Электросталь,ARINALACIVERT,233020824,58-60,367452725,1
2026-07-23,Электросталь,ARINAMOR,233020825,46-48,367452726,13
2026-07-23,Электросталь,ARINAMOR,233020825,50-52,367452727,20
2026-07-23,Электросталь,ARISIYAH01,155298180,46-48,259285053,9
2026-07-23,Электросталь,ARISIYAH01,155298180,50-52,259285054,10
2026-07-23,Электросталь,ARISIYAH01,155298180,54-56,259285055,9
2026-07-23,Электросталь,ARISIYAH01,155298180,58-60,259285056,9
2026-07-23,Электросталь,ESMALACIVERT,233025599,42-44,367458961,1
2026-07-23,Электросталь,ESMAMOR,233025600,42-44,367458968,1
2026-07-23,Электросталь,ESMAMOR,233025600,46-48,367458969,1
2026-07-23,Электросталь,GV006,189553331,1,310247959,4
2026-07-23,Электросталь,GV006,189553331,2,310247960,5
2026-07-23,Электросталь,GV013,190677432,STD,311725144,2
2026-07-23,Электросталь,GV015,190897171,1,311993481,4
2026-07-23,Электросталь,GV015,190897171,2,311993482,2
2026-07-23,Электросталь,LILYSIYAH01,150064437,46-48,259275927,1
2026-07-23,Электросталь,LILYSIYAH01,150064437,54-56,251686993,0
2026-07-23,Электросталь,SONNABORDO,172997223,46-48,286972947,1
2026-07-23,Электросталь,SONNALACIVERT,172997228,46-48,286972963,4
2026-07-23,Электросталь,SONNALACIVERT,172997228,58-60,286972966,14
2026-07-23,Электросталь,SONNAMOR,172997224,46-48,286972951,6
2026-07-23,Электросталь,SONNAMOR,172997224,54-56,286972953,3
2026-07-23,Электросталь,SONNAMOR,172997224,58-60,286972954,3
2026-07-23,Электросталь,SONNASAKSMAVI,233025589,46-48,367458922,11
2026-07-23,Электросталь,SONNASAKSMAVI,233025589,50-52,367458923,1
2026-07-23,Электросталь,SONNASAKSMAVI,233025589,54-56,367458924,2
2026-07-23,Электросталь,SONNASAKSMAVI,233025589,58-60,367458925,12
2026-07-23,Электросталь,SONNASIYAH,150171052,46-48,259276469,19
2026-07-23,Электросталь,SONNASIYAH,150171052,50-52,251830069,7
2026-07-23,Электросталь,SONNASIYAH,150171052,54-56,251830071,6
2026-07-23,Электросталь,SONNASIYAH,150171052,58-60,251830072,16
2026-07-23,Электросталь,SONNAYESIL,233025590,46-48,367458926,14
2026-07-23,Электросталь,SONNAYESIL,233025590,50-52,367458927,2
2026-07-23,Электросталь,SONNAYESIL,233025590,54-56,367458928,7
2026-07-23,Электросталь,SONNAYESIL,233025590,58-60,367458929,6
2026-07-23,Электросталь,ZARABORDO,233025593,46-48,367458938,0
2026-07-23,Электросталь,ZARABORDO,233025593,50-52,367458939,1
2026-07-23,Электросталь,ZARABORDO,233025593,54-56,367458940,1
2026-07-23,Электросталь,ZARABORDO,233025593,58-60,367458941,1
2026-07-23,Электросталь,ZARALACIVERT01,150060261,46-48,268856082,16
2026-07-23,Электросталь,ZARALACIVERT01,150060261,50-52,251681598,0
2026-07-23,Электросталь,ZARALACIVERT01,150060261,54-56,251681599,15
2026-07-23,Электросталь,ZARALACIVERT01,150060261,58-60,251681600,8
2026-07-23,Электросталь,ZARAMOR,233025594,46-48,367458942,3
2026-07-23,Электросталь,ZARAMOR,233025594,50-52,367458943,1
2026-07-23,Электросталь,ZARAMOR,233025594,54-56,367458944,1
2026-07-23,Электросталь,ZARAMOR,233025594,58-60,367458945,1
2026-07-23,Электросталь,ZARASAKSMAVI,233025591,46-48,367458930,3
2026-07-23,Электросталь,ZARASAKSMAVI,233025591,50-52,367458931,1
2026-07-23,Электросталь,ZARASAKSMAVI,233025591,54-56,367458932,1
2026-07-23,Электросталь,ZARASAKSMAVI,233025591,58-60,367458933,1
2026-07-23,Электросталь,ZARASAMPANYA,233025595,46-48,367458946,1
2026-07-23,Электросталь,ZARASAMPANYA,233025595,54-56,367458948,0
2026-07-23,Электросталь,ZARASIYAH01,150060262,46-48,259276560,14
2026-07-23,Электросталь,ZARASIYAH01,150060262,50-52,251681601,3
2026-07-23,Электросталь,ZARASIYAH01,150060262,54-56,251681602,3
2026-07-23,Электросталь,ZARASIYAH01,150060262,58-60,251681603,5
2026-07-23,Электросталь,ZARAYESIL,233025592,46-48,367458934,9
2026-07-23,Электросталь,ZARAYESIL,233025592,50-52,367458935,1